goalkeeping_diving,goalkeeping_handling,goalkeeping_kicking,goalkeeping_positioning,goalkeeping_reflexes,goalkeeping_speed,wage_eur
87,92,78,90,90,50.0,130000.0
88,88,91,89,88,56.0,86000.0
88,85,88,88,90,43.0,250000.0
84,89,74,86,88,46.0,250000.0
87,82,93,88,88,64.0,200000.0
86,86,84,90,89,52.0,190000.0
91,83,79,85,90,52.0,110000.0
89,84,75,87,89,54.0,130000.0
88,83,65,84,90,61.0,125000.0
86,82,73,87,88,49.0,105000.0
81,81,65,92,87,47.0,78000.0
85,83,80,84,87,45.0,88000.0
84,78,80,83,90,47.0,115000.0
79,81,84,86,86,50.0,40000.0
85,84,76,82,86,43.0,87000.0
86,79,76,79,87,57.0,120000.0
85,83,82,83,85,58.0,81000.0
83,81,85,84,86,50.0,45000.0
85,83,78,81,83,57.0,37000.0
85,78,69,83,87,40.0,55000.0
85,80,76,83,85,55.0,87000.0
81,83,75,83,84,49.0,45000.0
83,78,87,80,86,49.0,83000.0
83,82,78,81,84,35.0,105000.0
82,82,71,83,82,49.0,43000.0
82,77,76,84,80,46.0,20000.0
82,80,77,80,83,55.0,51000.0
82,78,79,82,84,48.0,31000.0
85,79,76,80,85,55.0,75000.0
81,80,79,79,82,49.0,37000.0
83,79,78,79,81,54.0,115000.0
84,78,70,80,86,63.0,60000.0
82,79,76,81,84,36.0,29000.0
82,81,76,83,82,47.0,48000.0
79,84,77,83,78,41.0,20000.0
82,77,76,85,84,47.0,24000.0
81,78,74,80,85,56.0,1000.0
81,82,72,80,83,42.0,32000.0
80,80,78,81,81,49.0,24000.0
78,81,78,83,80,55.0,14000.0
82,78,67,81,83,56.0,28000.0
81,80,78,81,79,54.0,33000.0
82,77,76,80,83,54.0,14000.0
83,77,74,80,84,40.0,2000.0
82,80,73,80,84,39.0,32000.0
82,76,75,83,84,31.0,24000.0
84,78,67,78,84,43.0,14000.0
82,78,73,82,86,44.0,44000.0
79,78,80,79,82,46.0,40000.0
81,80,72,80,82,43.0,30000.0
84,74,80,84,82,42.0,31000.0
76,73,70,90,76,34.0,18000.0
79,75,72,80,83,48.0,27000.0
77,72,78,82,84,51.0,26000.0
80,75,76,84,82,51.0,24000.0
78,80,72,82,79,61.0,32000.0
81,79,60,77,86,46.0,46000.0
81,79,77,77,82,51.0,48000.0
80,80,71,79,82,57.0,64000.0
76,79,82,81,83,44.0,43000.0
79,77,70,81,82,46.0,25000.0
82,77,74,77,84,43.0,48000.0
78,76,67,79,85,43.0,17000.0
80,79,72,80,83,48.0,32000.0
80,79,78,79,80,54.0,31000.0
80,79,72,80,82,48.0,44000.0
77,79,78,80,81,37.0,26000.0
81,75,78,81,79,41.0,33000.0
80,79,78,76,83,50.0,70000.0
82,75,60,71,85,36.0,14000.0
78,77,77,78,80,49.0,24000.0
82,72,77,77,84,34.0,48000.0
78,77,71,81,79,51.0,26000.0
82,77,63,80,82,59.0,16000.0
80,74,64,77,82,28.0,23000.0
79,77,77,79,80,42.0,41000.0
77,76,76,77,82,44.0,20000.0
78,77,85,76,81,34.0,76000.0
82,75,73,77,83,45.0,15000.0
80,77,62,76,83,44.0,65000.0
79,73,73,80,83,41.0,18000.0
80,74,70,78,82,44.0,40000.0
80,75,71,79,82,54.0,23000.0
81,75,71,77,82,60.0,26000.0
80,78,77,74,83,26.0,36000.0
77,78,79,79,77,45.0,27000.0
80,80,70,75,77,58.0,8000.0
78,77,73,78,78,46.0,27000.0
77,78,84,78,78,56.0,13000.0
79,73,69,78,83,47.0,17000.0
81,74,79,77,79,43.0,39000.0
73,72,86,74,85,52.0,22000.0
77,70,71,81,80,50.0,12000.0
77,73,70,76,81,53.0,12000.0
80,77,74,75,78,47.0,24000.0
80,73,73,76,82,53.0,14000.0
79,73,65,77,82,56.0,39000.0
80,76,69,74,82,47.0,18000.0
77,76,74,79,81,25.0,20000.0
77,80,78,78,77,57.0,900.0
77,75,70,78,79,36.0,23000.0
73,76,71,79,75,44.0,9000.0
77,75,71,77,79,40.0,27000.0
81,71,73,76,80,38.0,22000.0
77,75,82,76,79,53.0,25000.0
76,75,75,76,76,36.0,20000.0
80,74,69,75,77,46.0,16000.0
77,74,74,78,78,45.0,18000.0
76,75,66,76,80,37.0,34000.0
79,75,85,76,79,64.0,43000.0
79,74,70,76,79,42.0,35000.0
77,74,77,74,80,47.0,49000.0
76,72,69,75,78,44.0,12000.0
79,73,70,77,80,44.0,30000.0
78,77,67,74,80,46.0,24000.0
77,75,73,75,79,50.0,20000.0
78,74,73,77,82,29.0,15000.0
76,74,73,79,77,41.0,13000.0
79,77,75,77,71,35.0,18000.0
80,75,77,73,78,57.0,8000.0
78,73,74,72,83,53.0,73000.0
76,74,72,73,81,43.0,18000.0
79,76,73,73,81,36.0,34000.0
79,73,71,77,81,21.0,28000.0
75,75,75,77,74,32.0,8000.0
74,71,70,80,78,40.0,19000.0
78,74,67,75,76,57.0,10000.0
75,76,73,74,77,51.0,6000.0
74,75,74,78,75,56.0,42000.0
76,75,66,76,78,39.0,27000.0
76,77,73,74,76,47.0,49000.0
76,72,73,78,76,48.0,7000.0
75,70,67,79,79,58.0,18000.0
77,70,61,78,77,38.0,22000.0
77,73,68,75,78,58.0,28000.0
77,74,73,74,78,52.0,17000.0
76,74,70,73,76,65.0,9000.0
77,77,60,70,78,47.0,21000.0
76,76,70,75,76,42.0,30000.0
77,73,75,77,79,37.0,18000.0
78,74,75,73,79,42.0,43000.0
77,75,74,75,77,35.0,33000.0
74,73,70,77,78,30.0,12000.0
76,74,68,76,78,44.0,33000.0
78,68,68,78,80,45.0,7000.0
77,75,74,75,77,53.0,13000.0
76,78,67,76,77,49.0,1000.0
76,73,69,75,78,45.0,31000.0
71,77,76,72,77,32.0,13000.0
76,77,77,76,74,53.0,7000.0
77,71,65,77,79,47.0,13000.0
76,75,72,75,79,52.0,12000.0
77,72,69,75,80,41.0,15000.0
76,75,70,77,77,27.0,850.0
77,74,65,74,78,55.0,14000.0
72,69,78,83,73,44.0,500.0
75,72,76,73,77,46.0,13000.0
72,77,68,78,73,39.0,23000.0
74,72,85,77,74,45.0,8000.0
75,71,81,75,74,59.0,10000.0
77,72,67,73,76,42.0,40000.0
75,71,64,74,79,30.0,34000.0
76,69,62,75,79,41.0,41000.0
74,74,66,74,76,28.0,28000.0
74,74,61,75,80,57.0,34000.0
78,72,54,74,81,51.0,22000.0
73,72,76,78,79,56.0,28000.0
78,73,62,73,74,44.0,9000.0
74,74,75,75,77,51.0,13000.0
74,71,69,75,76,51.0,7000.0
71,72,70,75,81,42.0,8000.0
76,75,80,73,72,43.0,15000.0
76,71,69,77,75,40.0,7000.0
78,73,72,73,81,31.0,600.0
76,74,67,70,79,50.0,8000.0
77,73,68,75,77,36.0,4000.0
79,69,67,71,76,55.0,600.0
80,68,75,72,79,55.0,61000.0
77,72,68,74,80,42.0,700.0
72,72,75,77,77,38.0,16000.0
79,75,73,73,74,53.0,15000.0
74,76,72,76,76,36.0,14000.0
76,69,75,73,77,31.0,20000.0
76,71,60,73,81,51.0,9000.0
76,72,68,74,77,41.0,7000.0
75,73,73,75,77,59.0,12000.0
73,77,74,71,75,58.0,22000.0
79,69,76,71,79,57.0,11000.0
75,65,71,76,85,48.0,34000.0
75,73,65,79,74,42.0,7000.0
75,73,77,74,77,51.0,10000.0
76,70,77,75,75,43.0,19000.0
74,71,69,75,76,37.0,12000.0
77,76,61,72,73,36.0,16000.0
76,71,66,79,76,38.0,7000.0
79,69,72,75,80,40.0,43000.0
75,65,80,72,79,27.0,750.0
77,73,71,72,71,31.0,950.0
76,77,71,76,79,44.0,14000.0
74,72,76,74,74,41.0,7000.0
68,76,66,75,76,49.0,32000.0
71,73,71,75,76,39.0,2000.0
76,74,77,74,71,40.0,22000.0
76,72,42,73,79,42.0,9000.0
72,70,63,78,75,51.0,6000.0
73,73,72,74,73,47.0,12000.0
74,72,70,76,76,46.0,5000.0
76,69,68,71,76,45.0,6000.0
76,68,70,75,78,36.0,6000.0
75,70,67,75,74,44.0,4000.0
78,71,67,73,75,42.0,10000.0
77,70,68,72,77,45.0,53000.0
78,72,64,71,75,55.0,9000.0
73,71,72,72,76,52.0,16000.0
74,74,70,74,75,32.0,8000.0
72,74,69,72,75,30.0,33000.0
76,70,67,72,77,47.0,20000.0
75,72,66,73,75,45.0,53000.0
75,73,71,71,78,45.0,8000.0
75,72,70,73,75,44.0,900.0
75,72,63,73,76,47.0,10000.0
74,71,70,72,76,41.0,11000.0
75,69,66,73,77,34.0,17000.0
71,68,69,76,77,43.0,8000.0
73,73,76,70,74,53.0,27000.0
74,70,70,73,74,47.0,20000.0
74,70,64,72,79,65.0,16000.0
79,69,68,66,80,62.0,10000.0
75,73,66,72,75,42.0,12000.0
72,73,72,76,74,44.0,12000.0
75,67,69,72,75,47.0,6000.0
76,72,68,69,75,41.0,21000.0
73,73,65,74,73,59.0,15000.0
68,71,72,78,77,34.0,15000.0
82,73,73,74,69,40.0,24000.0
71,72,73,75,76,41.0,6000.0
68,76,74,77,73,17.0,19000.0
77,68,59,72,76,53.0,8000.0
75,70,67,72,78,47.0,26000.0
75,72,69,71,76,48.0,36000.0
74,72,68,75,75,24.0,500.0
71,70,73,74,76,37.0,59000.0
74,74,63,75,75,31.0,10000.0
74,70,77,75,74,42.0,700.0
74,76,74,76,74,19.0,750.0
72,71,68,73,74,51.0,4000.0
72,69,68,73,74,30.0,16000.0
74,69,66,73,77,37.0,13000.0
70,75,74,73,72,44.0,14000.0
72,72,63,76,70,45.0,7000.0
71,69,67,74,75,56.0,10000.0
72,71,62,75,75,45.0,6000.0
72,68,76,72,73,57.0,5000.0
74,69,76,69,77,47.0,16000.0
74,70,72,69,74,47.0,40000.0
72,75,71,70,73,57.0,31000.0
72,71,72,73,73,43.0,9000.0
76,73,60,73,75,49.0,7000.0
73,72,69,75,74,38.0,13000.0
74,66,72,71,77,46.0,5000.0
74,73,69,71,70,38.0,8000.0
70,69,70,73,74,48.0,17000.0
72,75,69,67,74,46.0,27000.0
72,72,71,74,74,50.0,13000.0
73,67,70,70,76,42.0,6000.0
73,73,68,72,73,33.0,26000.0
73,72,65,71,74,49.0,24000.0
74,74,67,72,72,45.0,700.0
75,71,65,70,76,49.0,20000.0
71,73,73,72,74,59.0,8000.0
77,66,68,72,73,46.0,21000.0
73,68,73,74,73,38.0,4000.0
73,68,66,74,75,57.0,31000.0
72,71,73,74,75,43.0,4000.0
75,67,76,71,74,53.0,28000.0
73,72,68,69,73,48.0,8000.0
74,67,66,72,79,41.0,15000.0
72,70,66,74,74,37.0,9000.0
76,67,68,71,78,50.0,12000.0
76,68,66,73,76,48.0,5000.0
72,72,75,73,73,32.0,600.0
76,69,66,74,74,49.0,8000.0
71,70,70,73,74,49.0,6000.0
75,69,66,71,75,60.0,11000.0
73,71,72,73,74,40.0,12000.0
74,70,69,73,75,50.0,11000.0
73,69,68,72,74,54.0,9000.0
77,70,60,69,77,39.0,850.0
70,69,69,77,74,41.0,6000.0
75,73,48,74,74,34.0,700.0
72,71,76,71,74,46.0,10000.0
72,72,70,68,77,24.0,700.0
75,73,72,74,74,42.0,650.0
76,70,72,69,75,47.0,25000.0
73,72,68,70,75,45.0,9000.0
72,70,69,72,74,49.0,14000.0
70,69,69,74,76,52.0,14000.0
77,71,68,73,74,55.0,11000.0
73,77,69,76,66,46.0,21000.0
76,67,68,75,72,49.0,650.0
73,71,65,73,75,32.0,5000.0
77,68,67,72,75,47.0,7000.0
72,70,67,73,73,28.0,6000.0
73,73,68,70,75,29.0,8000.0
75,71,69,69,76,56.0,8000.0
76,73,67,73,74,28.0,7000.0
70,72,70,71,75,28.0,25000.0
73,67,71,71,73,42.0,6000.0
67,71,62,72,74,26.0,25000.0
67,72,67,75,71,41.0,9000.0
73,70,77,69,70,42.0,4000.0
68,74,70,73,72,36.0,10000.0
70,72,69,74,72,35.0,6000.0
73,72,68,70,72,31.0,15000.0
70,69,71,70,72,42.0,4000.0
69,70,65,74,74,45.0,500.0
72,70,69,73,72,59.0,18000.0
73,68,64,70,76,38.0,21000.0
72,70,70,76,68,33.0,23000.0
72,70,68,73,73,46.0,13000.0
74,70,58,74,76,42.0,32000.0
73,70,70,70,72,51.0,31000.0
73,65,61,73,75,52.0,12000.0
72,68,75,69,74,46.0,12000.0
67,69,72,70,75,45.0,5000.0
75,65,64,72,76,52.0,7000.0
71,69,65,74,73,48.0,3000.0
74,65,74,67,78,44.0,7000.0
73,71,66,70,74,38.0,13000.0
72,68,64,72,74,48.0,13000.0
71,70,67,71,76,43.0,5000.0
74,69,61,71,74,46.0,14000.0
74,71,63,68,75,46.0,5000.0
71,64,63,73,77,37.0,16000.0
67,74,61,73,72,42.0,9000.0
72,69,71,74,74,39.0,26000.0
71,72,65,73,70,39.0,9000.0
73,70,69,69,74,48.0,17000.0
73,69,68,70,75,52.0,2000.0
71,74,67,72,73,59.0,7000.0
74,69,63,72,75,39.0,6000.0
74,68,66,73,74,56.0,7000.0
72,69,60,70,79,50.0,650.0
73,67,65,70,78,44.0,5000.0
71,69,68,71,76,51.0,5000.0
72,70,68,73,72,57.0,10000.0
70,69,67,72,75,42.0,9000.0
72,71,74,70,73,45.0,11000.0
72,72,62,69,74,47.0,22000.0
76,69,69,68,75,46.0,750.0
70,68,73,72,74,53.0,9000.0
73,69,65,69,75,53.0,11000.0
73,70,72,69,75,53.0,15000.0
73,69,66,75,72,43.0,1000.0
75,74,71,69,71,29.0,10000.0
70,69,68,71,80,48.0,8000.0
74,68,72,74,71,45.0,11000.0
72,71,75,68,73,43.0,18000.0
77,64,62,66,77,34.0,18000.0
71,63,77,74,75,33.0,9000.0
71,69,67,71,73,30.0,500.0
70,69,69,71,76,43.0,7000.0
74,66,74,67,77,44.0,12000.0
71,72,72,71,73,35.0,26000.0
70,68,70,69,75,40.0,10000.0
79,62,65,70,79,51.0,750.0
72,71,67,71,73,44.0,8000.0
72,74,65,70,73,32.0,14000.0
66,72,67,71,77,36.0,500.0
72,70,68,72,75,24.0,2000.0
71,72,72,73,69,23.0,8000.0
72,67,67,74,74,29.0,750.0
71,70,69,74,73,52.0,6000.0
71,69,62,69,77,39.0,9000.0
73,70,68,72,74,26.0,11000.0
70,73,77,71,70,18.0,11000.0
68,74,66,81,63,26.0,7000.0
71,72,68,71,71,52.0,4000.0
70,67,63,73,72,34.0,5000.0
71,68,64,72,70,27.0,4000.0
71,69,66,71,71,41.0,18000.0
66,72,67,79,67,38.0,5000.0
71,69,90,64,75,35.0,500.0
71,67,73,67,75,51.0,9000.0
72,70,65,72,73,51.0,6000.0
68,68,71,72,73,53.0,6000.0
72,67,73,69,72,56.0,9000.0
72,68,74,70,73,35.0,8000.0
71,71,60,71,69,39.0,5000.0
70,66,69,71,74,32.0,8000.0
70,69,70,68,72,60.0,9000.0
69,71,69,70,75,52.0,500.0
69,70,70,68,69,31.0,500.0
70,70,76,71,72,47.0,16000.0
69,69,61,73,72,40.0,5000.0
73,69,67,75,71,50.0,16000.0
72,67,67,70,73,33.0,4000.0
72,66,65,70,75,33.0,8000.0
72,68,58,69,72,43.0,14000.0
69,70,67,71,70,41.0,4000.0
76,62,67,69,75,41.0,12000.0
72,67,69,70,73,43.0,4000.0
71,68,67,69,71,40.0,14000.0
68,73,66,72,72,36.0,7000.0
71,68,73,73,73,30.0,40000.0
75,70,64,69,72,51.0,11000.0
69,71,83,70,70,48.0,8000.0
72,67,64,69,75,41.0,22000.0
72,67,69,69,72,44.0,10000.0
73,69,67,68,73,49.0,5000.0
72,67,70,68,74,53.0,8000.0
71,70,68,70,74,55.0,8000.0
71,69,70,68,74,43.0,8000.0
70,67,64,70,71,39.0,3000.0
70,69,68,69,72,40.0,8000.0
78,66,57,62,76,48.0,22000.0
73,69,62,70,72,46.0,16000.0
71,69,68,69,70,32.0,9000.0
72,68,76,68,73,47.0,13000.0
73,66,72,70,73,27.0,25000.0
72,69,64,70,73,39.0,9000.0
72,68,67,69,72,43.0,7000.0
72,69,65,71,72,41.0,7000.0
74,67,72,67,75,43.0,5000.0
71,72,72,76,72,23.0,8000.0
61,77,76,70,73,36.0,10000.0
67,71,74,72,70,33.0,4000.0
61,73,69,73,70,15.0,12000.0
71,70,74,72,69,34.0,9000.0
71,73,68,74,75,29.0,500.0
70,69,66,71,72,28.0,13000.0
70,69,64,73,73,26.0,12000.0
71,69,68,69,73,47.0,9000.0
71,69,66,70,72,33.0,5000.0
74,70,67,66,73,40.0,3000.0
73,70,69,70,73,26.0,550.0
72,71,66,73,76,29.0,5000.0
73,67,70,67,73,26.0,10000.0
71,68,66,69,74,23.0,4000.0
71,65,66,70,71,24.0,3000.0
68,68,60,70,70,43.0,7000.0
68,70,63,73,69,44.0,4000.0
69,68,66,72,69,47.0,4000.0
69,66,64,74,69,36.0,13000.0
70,68,70,72,67,42.0,2000.0
72,66,66,70,72,56.0,4000.0
70,66,72,70,71,40.0,27000.0
70,67,76,70,67,42.0,2000.0
66,68,66,71,69,54.0,6000.0
68,67,66,70,71,55.0,18000.0
71,68,53,70,72,26.0,3000.0
69,68,70,71,70,51.0,2000.0
71,67,53,69,76,41.0,13000.0
66,68,66,72,73,39.0,5000.0
68,68,64,70,72,31.0,2000.0
74,60,63,72,72,57.0,19000.0
68,69,72,70,71,44.0,12000.0
70,67,64,67,72,50.0,5000.0
67,72,64,71,70,34.0,7000.0
69,70,70,70,69,39.0,3000.0
72,66,66,71,73,34.0,16000.0
67,67,68,70,74,39.0,7000.0
70,67,61,74,71,34.0,4000.0
70,67,59,68,73,44.0,2000.0
70,68,66,69,69,37.0,4000.0
65,71,67,74,70,32.0,8000.0
70,65,65,68,73,40.0,8000.0
69,66,74,70,73,50.0,6000.0
69,69,68,69,71,38.0,11000.0
71,70,69,65,72,35.0,20000.0
70,63,69,72,74,50.0,3000.0
69,67,68,65,71,45.0,20000.0
74,64,56,68,74,46.0,16000.0
72,69,65,68,75,47.0,10000.0
70,67,60,69,74,45.0,5000.0
71,66,66,67,74,49.0,2000.0
68,67,64,72,70,43.0,1000.0
69,65,60,70,74,45.0,2000.0
74,72,75,68,70,43.0,8000.0
72,66,62,68,74,45.0,6000.0
68,70,68,68,73,41.0,18000.0
69,69,64,68,71,50.0,4000.0
69,64,61,73,73,46.0,9000.0
71,66,63,69,73,45.0,9000.0
69,68,64,68,72,44.0,11000.0
72,66,61,68,73,42.0,5000.0
67,70,66,67,72,37.0,9000.0
72,69,68,68,74,43.0,7000.0
71,68,72,68,71,45.0,27000.0
72,67,65,68,72,53.0,9000.0
67,68,69,70,69,42.0,500.0
69,69,78,69,70,42.0,13000.0
70,66,60,70,74,47.0,6000.0
72,68,63,71,72,39.0,7000.0
72,69,67,70,72,42.0,26000.0
70,66,60,69,73,30.0,3000.0
70,66,74,67,73,59.0,7000.0
75,64,63,66,74,40.0,4000.0
69,73,58,63,74,37.0,6000.0
72,64,72,70,68,45.0,7000.0
72,67,69,67,70,30.0,4000.0
73,62,66,66,75,42.0,500.0
70,70,63,70,72,25.0,5000.0
64,68,69,68,75,54.0,7000.0
70,67,67,70,71,38.0,5000.0
72,66,65,69,72,37.0,4000.0
70,68,67,71,71,32.0,8000.0
69,66,71,67,72,42.0,5000.0
74,68,63,68,71,37.0,14000.0
72,62,77,66,74,37.0,3000.0
71,70,66,69,72,33.0,7000.0
72,68,65,70,71,33.0,7000.0
71,70,67,70,70,25.0,5000.0
77,61,63,70,70,42.0,9000.0
73,65,69,67,74,45.0,8000.0
67,71,68,69,74,51.0,500.0
75,63,64,70,73,32.0,8000.0
70,61,62,71,75,30.0,2000.0
69,66,73,71,71,25.0,500.0
71,65,65,73,71,34.0,6000.0
68,67,70,72,71,25.0,500.0
70,65,58,69,76,49.0,550.0
69,67,65,70,72,50.0,7000.0
69,68,62,70,72,48.0,9000.0
71,66,65,73,72,35.0,5000.0
67,68,72,70,67,34.0,4000.0
66,67,62,70,67,53.0,4000.0
69,67,65,68,71,49.0,4000.0
66,71,58,65,70,57.0,3000.0
68,69,46,70,68,32.0,10000.0
67,68,76,70,67,38.0,2000.0
65,65,66,73,70,53.0,1000.0
70,65,74,69,70,39.0,11000.0
68,71,64,66,69,47.0,2000.0
70,66,77,68,70,43.0,3000.0
69,68,75,67,70,41.0,5000.0
71,68,65,69,70,44.0,8000.0
69,68,72,65,71,33.0,4000.0
66,69,65,68,71,56.0,9000.0
69,70,67,65,71,49.0,7000.0
70,68,63,68,70,47.0,6000.0
69,63,61,71,72,44.0,9000.0
71,63,64,71,73,37.0,2000.0
70,68,69,68,69,56.0,17000.0
70,64,67,68,72,36.0,4000.0
71,65,63,71,72,49.0,4000.0
69,70,71,63,71,60.0,18000.0
67,69,63,69,67,50.0,3000.0
68,67,62,67,72,38.0,21000.0
69,67,61,69,69,29.0,6000.0
70,64,69,66,74,30.0,2000.0
70,63,60,69,73,43.0,3000.0
71,66,64,65,69,36.0,6000.0
70,69,63,65,73,26.0,3000.0
70,65,65,69,71,42.0,5000.0
70,65,60,66,72,37.0,10000.0
69,67,70,69,70,52.0,6000.0
68,69,65,68,69,51.0,6000.0
69,67,68,70,68,41.0,5000.0
70,67,66,63,72,49.0,3000.0
72,63,73,67,72,42.0,6000.0
73,64,59,70,72,44.0,7000.0
70,66,65,67,69,46.0,4000.0
70,65,61,68,73,48.0,2000.0
68,70,62,67,70,44.0,500.0
68,66,73,69,72,42.0,3000.0
69,66,67,69,73,30.0,2000.0
68,69,64,67,72,42.0,500.0
72,65,65,65,74,47.0,4000.0
71,68,62,64,73,33.0,16000.0
70,66,61,69,74,46.0,7000.0
71,67,71,71,70,37.0,3000.0
76,66,60,64,68,47.0,500.0
69,67,60,69,73,33.0,8000.0
76,62,77,55,76,31.0,5000.0
79,55,66,55,83,43.0,7000.0
71,68,71,65,72,17.0,8000.0
70,64,79,66,71,21.0,2000.0
69,68,68,68,69,36.0,2000.0
71,65,58,64,72,41.0,6000.0
63,72,68,71,69,33.0,5000.0
69,71,46,70,73,24.0,6000.0
72,66,62,64,74,40.0,5000.0
71,67,70,67,73,42.0,5000.0
69,67,75,67,72,35.0,6000.0
72,69,63,69,73,30.0,2000.0
68,64,73,70,72,35.0,6000.0
69,67,64,69,70,53.0,3000.0
70,67,61,67,72,40.0,13000.0
70,68,70,68,71,17.0,6000.0
73,72,64,67,67,33.0,500.0
70,68,55,72,73,19.0,8000.0
72,65,48,68,73,15.0,6000.0
68,64,68,71,70,24.0,2000.0
70,68,70,63,70,31.0,500.0
70,65,65,68,73,28.0,8000.0
69,66,66,69,70,41.0,12000.0
69,69,60,70,72,32.0,1000.0
69,67,63,66,72,23.0,5000.0
68,66,69,67,71,35.0,29000.0
71,68,65,69,67,29.0,3000.0
70,67,56,66,71,22.0,3000.0
66,70,63,75,65,19.0,500.0
70,65,64,71,68,50.0,4000.0
70,67,66,68,69,27.0,2000.0
69,65,64,68,69,35.0,2000.0
66,68,72,73,64,36.0,5000.0
63,72,62,71,66,56.0,1000.0
66,66,63,64,70,48.0,750.0
70,65,63,68,72,56.0,15000.0
68,66,65,69,66,48.0,2000.0
67,62,65,67,73,58.0,2000.0
68,61,54,69,74,24.0,2000.0
70,67,65,65,68,54.0,12000.0
67,64,70,66,68,50.0,3000.0
71,64,61,66,69,50.0,5000.0
71,66,68,65,69,25.0,4000.0
70,69,62,65,67,48.0,3000.0
69,64,67,64,75,49.0,9000.0
68,65,69,69,65,53.0,500.0
70,65,65,66,68,34.0,7000.0
67,62,70,68,68,58.0,3000.0
67,66,67,69,67,45.0,7000.0
69,69,64,66,70,48.0,1000.0
70,62,62,65,71,51.0,10000.0
70,67,59,67,68,32.0,2000.0
69,70,68,68,66,41.0,2000.0
69,59,64,68,72,36.0,5000.0
69,68,70,64,68,49.0,7000.0
68,67,64,67,68,50.0,5000.0
69,66,61,67,69,49.0,3000.0
65,63,67,71,72,36.0,5000.0
69,64,70,67,70,47.0,3000.0
68,65,66,66,69,42.0,5000.0
68,63,70,68,70,44.0,7000.0
65,68,64,70,65,19.0,1000.0
70,66,61,70,69,36.0,5000.0
68,66,66,72,69,39.0,3000.0
69,67,66,67,67,46.0,3000.0
69,68,62,65,70,24.0,4000.0
66,66,64,66,71,47.0,3000.0
65,68,60,68,70,48.0,3000.0
57,72,75,67,72,32.0,11000.0
67,65,72,68,67,45.0,3000.0
69,65,66,67,71,40.0,800.0
70,67,65,64,71,56.0,700.0
71,64,65,69,70,41.0,2000.0
68,65,63,69,68,40.0,4000.0
67,65,66,69,67,47.0,4000.0
69,66,60,68,73,44.0,2000.0
70,64,59,67,74,35.0,10000.0
66,63,58,68,72,42.0,3000.0
70,61,65,66,72,36.0,3000.0
68,67,69,65,70,42.0,3000.0
69,64,59,70,74,43.0,650.0
70,66,65,65,70,46.0,2000.0
68,66,65,66,69,45.0,2000.0
70,66,62,63,71,39.0,8000.0
69,65,67,66,71,51.0,3000.0
72,66,65,64,69,44.0,3000.0
66,67,64,69,70,50.0,7000.0
68,64,67,65,69,43.0,10000.0
68,70,67,65,67,47.0,8000.0
67,66,70,64,71,41.0,4000.0
68,66,69,65,70,46.0,3000.0
68,64,65,67,72,47.0,3000.0
70,64,63,65,70,58.0,3000.0
69,68,64,69,71,42.0,9000.0
69,65,66,67,68,33.0,3000.0
71,62,69,64,71,40.0,3000.0
70,65,75,67,71,45.0,22000.0
67,66,63,65,72,29.0,2000.0
73,65,61,67,69,43.0,7000.0
69,68,66,68,69,24.0,5000.0
72,64,65,68,72,52.0,13000.0
66,66,61,67,68,29.0,3000.0
68,69,64,68,68,27.0,500.0
68,64,66,67,69,31.0,4000.0
66,70,69,64,73,20.0,8000.0
71,63,64,67,69,39.0,8000.0
66,69,65,69,71,17.0,2000.0
67,66,67,66,68,42.0,3000.0
70,68,64,67,69,26.0,14000.0
70,67,62,65,70,42.0,7000.0
65,67,62,70,68,27.0,11000.0
66,67,65,69,69,38.0,1000.0
71,54,61,71,73,40.0,2000.0
68,62,53,66,76,27.0,2000.0
70,62,65,68,69,57.0,5000.0
68,65,67,69,68,59.0,1000.0
69,66,51,63,73,25.0,3000.0
69,63,62,68,72,41.0,8000.0
72,67,65,66,63,53.0,4000.0
69,70,68,71,71,21.0,500.0
72,64,68,69,72,37.0,2000.0
69,66,65,69,68,29.0,3000.0
69,67,69,70,71,30.0,500.0
68,68,62,66,65,36.0,3000.0
68,64,67,62,70,36.0,2000.0
66,64,65,67,68,26.0,1000.0
66,67,65,70,64,35.0,15000.0
65,63,61,64,77,46.0,700.0
68,65,64,67,69,32.0,6000.0
68,62,66,66,68,45.0,7000.0
66,65,61,69,65,37.0,5000.0
64,65,60,66,69,30.0,5000.0
67,66,62,66,69,44.0,4000.0
67,60,53,73,72,52.0,5000.0
66,64,69,66,69,30.0,2000.0
67,64,65,70,68,40.0,3000.0
67,66,63,67,67,44.0,3000.0
70,62,63,62,69,32.0,1000.0
65,69,64,69,66,38.0,4000.0
67,65,70,65,66,36.0,500.0
71,65,63,67,65,31.0,2000.0
67,65,65,66,67,32.0,1000.0
68,62,59,66,70,40.0,3000.0
67,65,63,68,70,50.0,6000.0
67,66,61,65,67,54.0,4000.0
67,64,63,64,69,35.0,2000.0
68,67,62,65,66,58.0,5000.0
67,66,61,67,69,45.0,6000.0
66,63,70,64,69,48.0,3000.0
69,61,66,65,69,43.0,2000.0
66,62,70,69,73,31.0,2000.0
65,67,61,64,68,43.0,3000.0
67,63,64,67,74,52.0,1000.0
72,65,67,65,70,36.0,4000.0
67,63,60,67,69,29.0,5000.0
62,66,68,71,64,46.0,5000.0
68,62,59,65,71,33.0,3000.0
68,65,62,63,68,37.0,2000.0
68,65,70,65,68,42.0,3000.0
69,62,65,65,70,44.0,7000.0
70,58,66,63,72,47.0,6000.0
66,69,62,66,67,30.0,4000.0
68,65,68,65,67,34.0,5000.0
69,65,61,66,66,30.0,2000.0
67,66,63,65,68,45.0,2000.0
67,63,60,69,66,42.0,3000.0
64,67,63,65,68,36.0,2000.0
67,67,65,68,69,43.0,2000.0
64,73,73,68,64,47.0,1000.0
68,63,60,65,68,55.0,1000.0
67,64,59,68,66,37.0,2000.0
68,66,69,64,67,44.0,7000.0
65,66,62,69,67,46.0,5000.0
66,68,67,64,71,63.0,5000.0
71,65,63,64,72,42.0,7000.0
69,63,66,66,69,41.0,3000.0
67,66,65,66,68,42.0,2000.0
65,63,55,64,73,35.0,12000.0
67,64,54,64,69,49.0,1000.0
66,65,66,66,70,41.0,2000.0
67,63,67,69,68,47.0,500.0
70,65,65,65,65,38.0,2000.0
72,67,61,60,72,41.0,2000.0
65,63,61,64,77,46.0,4000.0
61,60,40,77,67,38.0,6000.0
67,59,58,68,71,42.0,4000.0
68,63,66,65,70,46.0,1000.0
68,66,64,65,67,40.0,7000.0
67,64,65,65,68,27.0,10000.0
66,62,63,67,67,27.0,2000.0
68,65,66,63,68,39.0,3000.0
67,65,64,63,68,49.0,3000.0
66,65,60,63,73,49.0,2000.0
65,65,67,65,70,51.0,2000.0
68,64,65,67,68,25.0,3000.0
69,64,62,65,68,27.0,6000.0
68,66,64,67,66,20.0,5000.0
67,65,66,64,68,40.0,5000.0
67,63,67,64,70,40.0,17000.0
71,60,62,62,73,27.0,7000.0
68,59,63,64,71,36.0,2000.0
66,67,68,65,66,24.0,3000.0
65,66,67,63,68,30.0,2000.0
69,69,66,68,68,26.0,3000.0
71,65,62,61,70,43.0,500.0
68,66,65,62,70,30.0,2000.0
68,70,62,64,67,25.0,500.0
67,68,70,62,71,41.0,4000.0
69,64,62,68,65,23.0,3000.0
68,65,60,67,67,25.0,2000.0
67,64,66,66,70,31.0,3000.0
65,65,68,65,67,27.0,500.0
68,64,61,65,69,49.0,500.0
65,65,64,66,66,50.0,500.0
67,64,71,64,68,28.0,2000.0
67,69,53,68,63,19.0,500.0
72,68,65,66,72,23.0,1000.0
67,65,63,65,68,33.0,500.0
71,63,59,61,69,38.0,3000.0
65,69,68,66,64,45.0,16000.0
70,67,62,69,66,25.0,1000.0
66,67,66,65,67,43.0,3000.0
64,65,67,67,69,26.0,500.0
67,68,64,66,68,25.0,500.0
62,63,64,68,69,33.0,5000.0
64,65,60,67,66,31.0,2000.0
63,70,65,73,60,31.0,2000.0
65,63,70,65,67,39.0,3000.0
66,65,66,66,66,42.0,1000.0
66,66,64,67,65,49.0,2000.0
66,65,69,65,67,48.0,1000.0
62,63,63,65,70,54.0,1000.0
67,65,66,65,66,34.0,1000.0
70,60,58,63,70,44.0,6000.0
67,62,56,66,70,51.0,2000.0
65,64,64,65,66,50.0,6000.0
67,65,65,63,68,34.0,4000.0
63,64,64,64,69,42.0,9000.0
64,66,70,67,64,35.0,11000.0
67,60,65,69,64,40.0,2000.0
65,64,58,67,67,27.0,3000.0
65,65,64,67,65,43.0,2000.0
66,64,64,64,68,42.0,1000.0
68,64,61,68,68,35.0,3000.0
68,65,65,67,66,36.0,1000.0
64,69,57,69,62,36.0,5000.0
66,65,63,65,66,41.0,3000.0
64,65,65,66,68,43.0,3000.0
69,64,65,65,64,48.0,2000.0
68,58,54,71,69,40.0,1000.0
66,64,54,67,67,37.0,2000.0
67,67,66,66,68,31.0,3000.0
68,65,60,68,65,47.0,2000.0
66,64,63,65,66,58.0,3000.0
67,63,61,66,68,42.0,3000.0
64,70,63,63,65,27.0,500.0
67,65,66,66,67,43.0,4000.0
66,63,64,66,71,49.0,2000.0
65,68,64,69,65,44.0,1000.0
68,63,63,64,68,32.0,1000.0
67,65,65,65,69,46.0,3000.0
65,64,61,66,70,46.0,2000.0
65,63,77,66,66,43.0,2000.0
65,65,69,65,67,49.0,500.0
69,64,63,63,68,45.0,4000.0
65,62,65,65,68,44.0,3000.0
65,64,66,65,67,47.0,2000.0
68,59,66,62,70,38.0,9000.0
68,62,61,63,70,40.0,3000.0
67,64,66,64,66,44.0,3000.0
66,65,65,64,67,43.0,2000.0
68,65,65,65,66,47.0,2000.0
67,66,64,66,66,39.0,2000.0
66,65,62,68,64,43.0,2000.0
65,65,67,63,68,54.0,2000.0
62,65,67,62,69,47.0,500.0
66,64,58,66,68,29.0,2000.0
64,63,69,67,71,37.0,500.0
66,65,65,64,67,34.0,2000.0
67,65,62,65,69,45.0,1000.0
67,64,60,65,69,43.0,2000.0
68,64,60,66,67,42.0,2000.0
68,63,59,65,67,36.0,900.0
68,66,60,66,66,26.0,4000.0
68,60,65,68,65,48.0,2000.0
63,66,65,63,67,39.0,2000.0
68,66,65,65,67,30.0,7000.0
68,65,61,64,67,41.0,3000.0
66,63,62,62,69,33.0,4000.0
67,63,69,66,68,47.0,2000.0
66,67,66,63,67,53.0,3000.0
65,64,65,67,66,44.0,5000.0
68,65,60,62,69,43.0,700.0
64,63,69,67,68,44.0,550.0
66,64,59,64,71,24.0,3000.0
67,66,66,63,67,45.0,3000.0
67,62,64,66,67,33.0,1000.0
66,63,63,67,65,34.0,8000.0
64,67,61,64,67,46.0,2000.0
65,63,62,65,68,43.0,2000.0
68,63,61,66,70,27.0,3000.0
65,64,63,65,67,22.0,2000.0
66,63,61,67,65,30.0,3000.0
66,63,63,64,67,47.0,3000.0
64,65,70,66,68,50.0,1000.0
74,65,60,56,69,29.0,2000.0
67,63,64,65,67,29.0,900.0
70,58,68,62,71,56.0,5000.0
67,63,62,65,68,36.0,2000.0
69,65,67,65,68,24.0,8000.0
67,63,63,61,70,22.0,650.0
67,63,60,63,68,36.0,7000.0
68,68,59,62,72,42.0,5000.0
65,64,70,67,68,30.0,3000.0
67,62,64,64,67,30.0,2000.0
67,63,65,63,70,52.0,9000.0
70,64,60,63,67,50.0,2000.0
68,65,64,66,68,28.0,2000.0
67,64,63,66,67,38.0,1000.0
67,66,60,63,68,24.0,2000.0
67,65,65,67,68,32.0,2000.0
64,63,66,66,71,25.0,10000.0
67,64,66,61,71,34.0,3000.0
67,63,68,66,66,22.0,2000.0
65,64,62,69,68,31.0,1000.0
68,62,61,63,69,47.0,3000.0
65,63,60,66,70,28.0,10000.0
68,64,57,67,67,34.0,1000.0
65,67,63,62,67,27.0,3000.0
66,66,64,64,69,27.0,1000.0
69,67,65,65,70,28.0,500.0
67,62,62,66,68,24.0,2000.0
67,64,60,65,66,33.0,3000.0
66,69,60,64,65,40.0,500.0
64,67,63,68,66,37.0,500.0
68,66,64,65,65,23.0,500.0
66,68,67,64,67,31.0,500.0
69,62,59,64,68,30.0,2000.0
68,66,63,67,69,30.0,1000.0
65,64,65,63,68,32.0,500.0
68,68,66,64,65,25.0,1000.0
65,67,69,64,63,39.0,11000.0
63,66,60,65,64,36.0,500.0
65,62,66,65,64,40.0,7000.0
56,68,66,72,58,20.0,1000.0
65,63,58,65,64,58.0,3000.0
66,64,61,64,65,37.0,850.0
64,63,63,66,64,42.0,1000.0
66,63,64,64,65,55.0,1000.0
65,64,64,63,66,38.0,500.0
66,61,63,65,67,54.0,500.0
66,62,62,61,67,24.0,1000.0
66,62,64,65,63,37.0,1000.0
67,63,69,60,61,44.0,3000.0
66,61,67,65,65,33.0,500.0
68,60,56,65,69,26.0,3000.0
65,62,65,64,69,49.0,2000.0
66,64,67,66,65,43.0,6000.0
65,61,58,67,66,49.0,2000.0
64,61,60,67,67,39.0,1000.0
65,62,63,64,66,45.0,9000.0
66,64,66,63,68,40.0,5000.0
67,63,67,64,65,56.0,1000.0
65,64,59,62,66,41.0,1000.0
64,61,61,65,68,44.0,7000.0
59,62,62,71,63,41.0,500.0
65,63,65,67,65,36.0,1000.0
67,62,69,62,67,47.0,3000.0
68,63,65,63,66,38.0,950.0
64,62,60,66,67,39.0,1000.0
64,65,63,63,65,47.0,1000.0
61,62,59,64,68,44.0,3000.0
64,66,62,65,67,46.0,600.0
64,65,62,67,65,27.0,3000.0
65,66,69,67,63,32.0,2000.0
66,61,61,67,63,44.0,2000.0
65,62,57,63,67,30.0,3000.0
62,64,60,65,67,46.0,4000.0
66,63,62,64,64,25.0,1000.0
67,62,60,63,67,44.0,6000.0
68,64,57,63,68,48.0,800.0
68,59,63,66,68,43.0,3000.0
65,64,66,65,65,45.0,2000.0
66,61,65,64,68,57.0,2000.0
65,64,63,63,65,41.0,2000.0
66,64,60,63,68,46.0,4000.0
67,63,63,65,69,47.0,500.0
66,64,76,59,68,41.0,2000.0
66,62,61,66,65,45.0,1000.0
66,62,62,63,66,43.0,1000.0
67,63,57,64,67,27.0,2000.0
65,66,64,66,67,26.0,1000.0
69,64,62,66,68,26.0,3000.0
65,64,58,65,64,25.0,1000.0
65,66,63,63,67,21.0,2000.0
66,67,54,65,68,20.0,950.0
66,66,61,61,68,21.0,4000.0
67,63,59,65,66,22.0,2000.0
63,67,64,65,63,44.0,2000.0
65,65,61,67,66,45.0,3000.0
66,64,64,63,67,32.0,5000.0
67,61,65,63,68,58.0,4000.0
64,62,69,62,66,47.0,2000.0
68,65,59,64,69,17.0,2000.0
67,59,60,64,69,29.0,8000.0
65,61,62,60,72,27.0,8000.0
69,58,59,59,67,29.0,1000.0
66,64,64,66,66,41.0,5000.0
63,61,61,63,69,15.0,7000.0
65,63,59,64,67,37.0,5000.0
65,59,57,66,68,26.0,2000.0
69,63,58,61,68,24.0,4000.0
63,59,63,67,69,23.0,2000.0
64,65,64,66,66,24.0,8000.0
66,65,55,63,68,38.0,2000.0
66,64,62,60,67,41.0,1000.0
65,63,60,64,64,25.0,1000.0
67,63,62,65,66,30.0,3000.0
65,64,59,63,66,25.0,2000.0
64,61,65,62,67,16.0,13000.0
68,61,63,64,67,35.0,2000.0
64,66,58,64,69,30.0,2000.0
63,63,64,65,64,22.0,3000.0
65,64,65,63,65,26.0,500.0
64,65,62,62,73,20.0,2000.0
66,64,65,65,62,27.0,4000.0
64,64,64,65,65,44.0,500.0
61,63,62,65,65,39.0,500.0
65,64,65,66,63,33.0,500.0
61,60,61,64,69,35.0,500.0
62,62,63,62,69,24.0,500.0
70,58,59,63,69,27.0,2000.0
65,64,69,62,66,50.0,3000.0
71,63,65,57,69,46.0,500.0
62,58,63,69,68,43.0,4000.0
65,63,64,65,67,30.0,2000.0
61,68,52,72,69,22.0,500.0
65,62,65,63,67,20.0,500.0
65,61,63,65,68,23.0,500.0
64,62,60,66,69,29.0,2000.0
70,58,72,68,63,21.0,500.0
67,64,62,66,68,25.0,2000.0
65,62,62,63,64,33.0,2000.0
61,61,64,66,60,40.0,650.0
64,66,64,64,60,29.0,8000.0
63,62,52,65,66,40.0,7000.0
65,62,67,64,62,41.0,2000.0
63,65,61,66,60,35.0,3000.0
64,65,59,66,63,35.0,3000.0
66,60,58,66,65,35.0,2000.0
64,60,55,64,68,36.0,950.0
70,53,65,64,66,52.0,1000.0
63,66,62,64,61,41.0,2000.0
67,60,64,63,67,45.0,3000.0
64,61,62,64,66,24.0,1000.0
63,61,65,69,61,42.0,2000.0
63,62,61,65,62,46.0,700.0
60,61,59,67,64,37.0,1000.0
63,61,62,65,66,46.0,2000.0
65,60,55,62,66,39.0,1000.0
66,62,62,61,63,24.0,1000.0
64,62,64,61,65,46.0,3000.0
64,63,62,64,64,30.0,1000.0
66,63,62,63,63,36.0,2000.0
66,64,62,65,62,48.0,3000.0
66,63,62,63,66,50.0,1000.0
66,62,63,62,64,36.0,2000.0
67,62,61,61,66,35.0,2000.0
66,62,65,61,66,49.0,1000.0
65,60,63,64,67,41.0,2000.0
65,63,63,62,66,43.0,5000.0
62,65,65,65,65,46.0,2000.0
69,59,40,68,64,34.0,2000.0
64,66,61,59,67,44.0,3000.0
64,65,59,63,63,52.0,1000.0
65,64,65,64,68,27.0,3000.0
62,65,60,65,64,33.0,500.0
64,62,61,63,64,46.0,3000.0
65,63,64,63,63,46.0,2000.0
67,59,65,67,64,34.0,3000.0
63,62,65,63,65,32.0,2000.0
64,63,57,61,65,48.0,2000.0
64,59,60,65,67,36.0,2000.0
64,64,59,64,65,53.0,1000.0
64,61,60,62,66,48.0,2000.0
65,61,56,63,68,42.0,800.0
64,62,65,66,63,36.0,3000.0
65,63,60,62,65,42.0,2000.0
65,63,62,63,64,42.0,1000.0
64,59,59,62,65,41.0,550.0
68,61,60,62,62,51.0,2000.0
69,58,57,62,67,41.0,2000.0
65,64,59,62,67,35.0,2000.0
62,64,63,62,62,39.0,900.0
62,63,62,65,66,48.0,3000.0
65,62,62,63,61,37.0,9000.0
65,64,59,63,65,46.0,2000.0
63,62,57,63,64,24.0,4000.0
64,67,62,65,64,25.0,2000.0
63,61,61,65,63,28.0,950.0
67,65,59,63,63,31.0,2000.0
59,47,66,72,74,48.0,2000.0
64,62,66,63,66,34.0,2000.0
66,64,63,65,67,38.0,2000.0
67,60,59,60,70,35.0,3000.0
67,62,57,61,66,35.0,5000.0
66,61,59,62,68,32.0,10000.0
69,63,55,64,62,33.0,10000.0
65,57,58,64,68,26.0,950.0
65,64,62,65,61,25.0,3000.0
64,64,58,63,66,51.0,500.0
65,59,62,63,69,34.0,7000.0
64,63,66,62,68,37.0,8000.0
64,64,62,63,65,33.0,1000.0
64,60,57,62,68,41.0,3000.0
61,61,63,64,65,23.0,1000.0
66,61,61,58,67,40.0,1000.0
62,60,60,63,66,48.0,900.0
65,64,62,61,66,30.0,2000.0
64,66,55,66,66,23.0,2000.0
61,66,60,65,63,40.0,2000.0
65,63,67,62,66,27.0,1000.0
67,60,67,59,63,18.0,1000.0
61,63,62,65,65,34.0,3000.0
64,61,61,62,66,48.0,500.0
65,61,58,65,65,45.0,2000.0
64,62,61,62,65,25.0,2000.0
68,64,68,64,66,30.0,5000.0
62,61,66,67,69,26.0,3000.0
68,63,61,61,65,19.0,2000.0
65,65,60,64,66,37.0,2000.0
59,60,68,63,67,41.0,600.0
67,64,59,64,67,29.0,1000.0
65,63,58,62,67,33.0,500.0
60,62,61,63,67,31.0,3000.0
65,64,60,61,67,35.0,1000.0
59,63,58,63,69,22.0,1000.0
64,63,62,59,66,38.0,2000.0
62,66,59,65,66,26.0,2000.0
64,63,63,62,65,34.0,3000.0
65,60,62,63,66,26.0,500.0
63,62,62,65,67,49.0,8000.0
61,62,60,62,65,48.0,500.0
65,62,65,64,61,49.0,500.0
70,60,58,58,67,21.0,500.0
65,60,58,65,66,32.0,2000.0
65,62,57,66,64,28.0,2000.0
66,60,62,63,66,44.0,550.0
65,61,59,62,67,42.0,900.0
66,62,59,64,67,24.0,700.0
64,64,67,48,71,47.0,2000.0
67,58,53,62,69,27.0,950.0
61,63,71,59,72,34.0,6000.0
60,67,61,67,66,29.0,2000.0
68,62,59,64,71,29.0,800.0
66,61,60,60,65,26.0,500.0
60,58,69,68,64,23.0,500.0
64,62,61,63,66,40.0,5000.0
61,64,61,64,61,36.0,1000.0
63,61,61,63,64,50.0,2000.0
61,59,70,59,70,55.0,2000.0
63,63,57,60,62,34.0,2000.0
63,60,61,62,66,26.0,2000.0
59,61,57,64,64,33.0,1000.0
65,60,57,59,67,43.0,1000.0
65,64,61,61,62,32.0,2000.0
60,62,62,62,66,45.0,1000.0
58,62,65,60,67,26.0,1000.0
65,56,68,66,60,55.0,650.0
62,63,70,61,60,36.0,4000.0
62,57,63,61,65,22.0,500.0
64,63,60,61,63,36.0,1000.0
67,59,58,64,66,54.0,2000.0
64,61,60,61,63,61.0,1000.0
68,61,54,59,65,45.0,1000.0
64,59,61,62,64,44.0,2000.0
63,61,60,63,65,45.0,3000.0
64,61,55,62,65,39.0,2000.0
64,60,63,60,66,43.0,2000.0
63,62,56,62,64,39.0,2000.0
63,64,57,60,64,54.0,950.0
58,63,58,67,63,26.0,500.0
61,60,67,66,62,34.0,1000.0
62,61,62,63,63,29.0,2000.0
64,61,63,61,65,51.0,2000.0
65,61,62,64,61,47.0,2000.0
61,63,62,64,63,46.0,500.0
62,60,59,63,63,41.0,2000.0
62,63,61,60,65,32.0,1000.0
67,56,57,59,70,44.0,3000.0
63,61,64,64,64,41.0,3000.0
62,61,59,62,64,44.0,950.0
63,61,60,63,66,37.0,3000.0
63,58,53,64,62,44.0,700.0
63,61,62,58,66,53.0,1000.0
64,60,59,61,68,37.0,1000.0
64,61,61,62,63,61.0,1000.0
62,65,59,63,63,50.0,3000.0
63,62,59,57,69,44.0,1000.0
67,59,64,59,64,44.0,1000.0
66,55,69,57,68,45.0,700.0
64,62,63,62,64,36.0,1000.0
68,43,64,64,72,55.0,3000.0
62,65,64,65,62,45.0,8000.0
62,63,60,63,65,46.0,1000.0
61,63,61,63,64,30.0,1000.0
63,60,61,63,64,20.0,2000.0
63,63,58,62,69,29.0,1000.0
62,65,70,60,67,43.0,1000.0
62,60,58,66,62,32.0,850.0
60,65,60,65,59,27.0,1000.0
64,63,66,58,64,26.0,750.0
62,63,63,62,64,32.0,6000.0
67,65,59,58,62,30.0,1000.0
63,60,58,63,66,35.0,1000.0
67,62,65,62,63,28.0,4000.0
64,62,61,61,65,40.0,5000.0
64,62,64,55,68,16.0,2000.0
64,63,59,61,63,28.0,1000.0
64,62,60,63,64,20.0,9000.0
61,60,67,63,61,34.0,850.0
63,67,58,63,58,25.0,1000.0
60,58,62,67,65,38.0,2000.0
65,62,51,64,62,28.0,2000.0
63,63,55,67,63,36.0,1000.0
63,60,59,61,65,24.0,2000.0
72,57,58,60,70,22.0,2000.0
63,60,58,66,61,39.0,2000.0
65,60,60,60,65,39.0,2000.0
63,62,56,64,63,24.0,1000.0
65,61,59,64,68,33.0,3000.0
64,60,57,61,64,25.0,950.0
64,63,55,60,64,31.0,1000.0
65,65,61,63,64,25.0,650.0
64,60,64,66,61,24.0,2000.0
64,64,60,63,62,17.0,2000.0
64,63,59,63,63,18.0,650.0
61,62,66,62,62,40.0,1000.0
57,66,52,60,69,33.0,1000.0
67,62,59,56,68,27.0,2000.0
62,58,60,63,64,40.0,1000.0
62,64,57,67,56,28.0,2000.0
64,63,59,61,63,33.0,1000.0
66,57,66,65,60,47.0,500.0
65,60,58,64,61,17.0,700.0
62,65,61,60,63,51.0,500.0
63,60,62,58,66,44.0,500.0
66,60,60,64,69,24.0,1000.0
61,65,62,65,61,46.0,500.0
60,63,60,62,65,45.0,500.0
63,61,60,62,62,22.0,500.0
65,63,59,52,70,44.0,500.0
65,65,63,61,62,31.0,2000.0
62,64,62,65,63,32.0,500.0
64,63,64,65,64,20.0,2000.0
66,65,58,64,67,32.0,3000.0
63,60,61,60,65,43.0,2000.0
65,63,63,66,62,24.0,500.0
68,63,59,68,63,23.0,2000.0
63,69,68,63,65,36.0,2000.0
63,62,63,64,65,21.0,2000.0
67,60,57,62,64,50.0,1000.0
68,61,59,66,64,23.0,500.0
65,62,65,63,64,30.0,1000.0
60,59,70,63,66,64.0,850.0
66,64,62,60,65,25.0,900.0
61,63,60,61,62,32.0,500.0
68,59,62,64,61,29.0,1000.0
60,61,60,63,66,25.0,950.0
59,65,64,69,65,25.0,2000.0
63,62,63,62,65,35.0,1000.0
58,62,63,68,66,26.0,2000.0
66,62,58,58,63,30.0,11000.0
63,60,60,61,62,51.0,1000.0
58,61,61,66,60,31.0,800.0
67,54,60,62,62,57.0,1000.0
62,61,60,60,58,48.0,1000.0
62,60,64,61,62,59.0,2000.0
62,63,61,61,62,52.0,3000.0
62,61,64,61,60,55.0,2000.0
64,60,58,63,61,37.0,3000.0
63,62,61,60,64,40.0,1000.0
63,58,61,65,62,30.0,650.0
61,63,62,67,60,32.0,1000.0
63,62,62,61,63,36.0,2000.0
63,62,60,60,61,44.0,850.0
63,55,62,64,66,57.0,1000.0
62,63,58,63,61,44.0,750.0
63,57,55,60,66,26.0,950.0
63,62,62,60,64,27.0,5000.0
61,58,56,63,64,50.0,4000.0
70,45,55,64,67,63.0,1000.0
64,62,63,62,63,45.0,2000.0
62,60,54,60,67,40.0,2000.0
67,57,60,55,64,38.0,4000.0
62,58,73,65,61,39.0,700.0
62,61,60,60,62,51.0,550.0
62,60,56,56,65,54.0,2000.0
64,62,59,61,63,44.0,1000.0
65,58,57,60,64,49.0,5000.0
66,58,63,55,67,45.0,750.0
62,60,61,62,63,43.0,2000.0
60,59,58,68,61,46.0,500.0
63,58,59,58,65,49.0,2000.0
62,61,60,59,62,42.0,2000.0
63,54,50,62,65,41.0,2000.0
63,60,59,60,62,44.0,5000.0
58,62,63,63,59,33.0,1000.0
64,59,60,59,64,42.0,2000.0
64,59,57,60,64,32.0,6000.0
64,61,57,56,67,38.0,1000.0
63,59,61,62,62,30.0,950.0
64,60,58,61,64,42.0,2000.0
64,61,60,62,63,20.0,2000.0
63,59,58,61,65,45.0,3000.0
64,61,58,60,64,44.0,650.0
62,60,60,61,62,45.0,2000.0
63,61,59,58,63,37.0,2000.0
63,61,60,60,64,37.0,3000.0
64,54,61,58,68,42.0,650.0
64,62,60,61,64,42.0,3000.0
63,62,61,61,62,34.0,1000.0
60,62,60,63,66,34.0,1000.0
62,60,58,61,63,45.0,2000.0
65,62,58,59,61,46.0,2000.0
64,61,56,58,62,22.0,2000.0
60,61,55,66,60,29.0,850.0
64,60,60,61,65,26.0,1000.0
59,60,63,60,64,33.0,7000.0
63,62,58,60,63,24.0,700.0
66,60,63,60,64,31.0,1000.0
64,59,57,66,62,25.0,500.0
63,59,60,60,65,55.0,1000.0
63,59,66,62,64,22.0,1000.0
63,60,62,62,59,30.0,2000.0
64,61,58,63,62,25.0,1000.0
61,62,56,59,62,24.0,1000.0
62,60,61,60,63,25.0,1000.0
61,59,64,62,65,29.0,1000.0
59,59,57,63,66,21.0,2000.0
67,66,64,57,62,23.0,2000.0
61,58,56,61,63,51.0,2000.0
60,64,56,58,65,31.0,750.0
65,62,66,65,63,31.0,2000.0
64,60,59,60,63,41.0,850.0
65,58,53,63,63,33.0,750.0
64,60,58,61,63,27.0,1000.0
61,61,58,61,65,38.0,1000.0
61,62,55,63,60,26.0,1000.0
69,59,57,52,71,31.0,500.0
65,61,58,58,63,28.0,500.0
64,57,56,61,63,31.0,1000.0
63,63,63,62,65,36.0,1000.0
63,58,52,61,65,27.0,750.0
65,62,66,61,64,24.0,1000.0
65,63,59,59,64,25.0,2000.0
63,58,62,59,64,19.0,900.0
64,62,62,63,63,28.0,600.0
62,57,63,62,63,39.0,5000.0
61,62,58,61,63,28.0,1000.0
62,60,62,61,63,46.0,500.0
64,59,58,61,63,33.0,500.0
64,55,62,59,72,22.0,500.0
61,60,55,61,62,29.0,500.0
66,58,63,57,65,31.0,600.0
64,60,62,57,62,29.0,1000.0
62,59,59,62,66,21.0,2000.0
61,60,61,62,63,31.0,500.0
60,62,60,62,61,31.0,500.0
64,59,53,55,66,23.0,500.0
63,60,59,62,62,25.0,750.0
67,53,58,54,72,51.0,1000.0
61,56,64,58,69,22.0,3000.0
64,61,67,50,61,43.0,1000.0
64,63,62,63,64,25.0,2000.0
65,62,52,60,64,28.0,900.0
60,63,64,59,62,28.0,1000.0
64,60,58,59,62,31.0,600.0
53,59,66,66,64,54.0,1000.0
69,63,66,58,60,23.0,2000.0
66,56,60,65,69,18.0,1000.0
63,61,62,60,63,25.0,500.0
62,62,60,61,64,26.0,3000.0
64,61,61,59,68,27.0,850.0
66,61,59,58,65,41.0,500.0
61,60,62,60,64,23.0,500.0
64,62,59,58,60,32.0,2000.0
61,64,67,61,67,30.0,1000.0
62,63,64,60,61,33.0,950.0
61,58,56,59,65,58.0,1000.0
61,60,61,62,63,21.0,2000.0
63,59,62,60,65,49.0,500.0
66,61,60,59,67,22.0,2000.0
61,60,59,61,62,36.0,850.0
61,62,55,62,58,33.0,500.0
61,60,60,59,60,34.0,1000.0
64,59,60,55,64,51.0,1000.0
60,61,62,60,60,30.0,2000.0
56,63,60,60,63,34.0,700.0
61,60,59,58,62,39.0,2000.0
60,64,63,62,60,37.0,1000.0
61,60,61,61,62,31.0,1000.0
65,60,64,54,64,46.0,1000.0
60,60,59,62,60,35.0,1000.0
61,60,60,58,64,45.0,3000.0
64,58,56,58,65,41.0,2000.0
63,58,59,60,63,44.0,1000.0
63,61,59,58,63,40.0,1000.0
62,58,58,60,63,46.0,3000.0
62,60,61,60,63,43.0,1000.0
61,58,57,61,64,59.0,2000.0
61,59,58,60,62,35.0,1000.0
61,59,62,61,62,44.0,1000.0
61,60,60,61,60,43.0,500.0
59,55,52,60,63,49.0,3000.0
62,59,56,60,64,44.0,950.0
61,61,64,59,62,45.0,650.0
58,64,60,65,57,42.0,1000.0
61,59,60,62,63,51.0,3000.0
63,60,60,57,62,45.0,2000.0
61,59,56,58,64,41.0,2000.0
61,60,58,57,62,48.0,4000.0
64,60,58,62,64,39.0,1000.0
62,60,59,59,61,37.0,3000.0
59,60,56,66,60,26.0,950.0
64,57,62,60,62,33.0,1000.0
61,59,61,60,62,43.0,1000.0
64,64,54,58,60,21.0,5000.0
61,59,61,59,62,39.0,3000.0
61,58,56,63,62,24.0,2000.0
62,60,64,60,62,41.0,1000.0
63,59,62,58,64,20.0,1000.0
62,59,58,59,62,26.0,500.0
57,55,64,62,65,41.0,700.0
63,61,56,61,62,30.0,500.0
63,60,65,57,65,38.0,3000.0
61,60,42,61,62,24.0,2000.0
59,61,70,60,59,27.0,1000.0
66,58,55,60,63,30.0,850.0
63,60,58,61,64,42.0,500.0
61,60,59,59,62,33.0,5000.0
60,61,60,62,59,24.0,1000.0
62,52,59,63,64,38.0,4000.0
62,61,59,59,63,37.0,3000.0
60,58,54,62,63,44.0,3000.0
61,58,64,62,59,38.0,1000.0
60,64,64,60,59,30.0,500.0
62,60,60,57,63,26.0,2000.0
62,57,58,60,61,26.0,500.0
61,60,62,60,61,23.0,500.0
60,59,56,60,61,53.0,500.0
60,60,61,58,60,37.0,500.0
60,58,60,59,62,40.0,500.0
60,59,56,61,60,53.0,500.0
59,62,63,62,63,54.0,550.0
61,59,60,62,60,33.0,500.0
59,58,63,59,63,31.0,500.0
64,58,57,54,63,41.0,3000.0
61,61,56,57,63,20.0,750.0
59,60,60,59,61,49.0,2000.0
59,59,60,59,62,62.0,5000.0
59,54,58,53,67,56.0,1000.0
62,61,62,61,61,28.0,2000.0
58,60,60,65,62,32.0,3000.0
62,62,59,63,59,26.0,900.0
61,62,60,59,65,24.0,3000.0
62,68,65,62,60,55.0,1000.0
63,58,54,60,61,28.0,2000.0
61,62,60,61,60,24.0,500.0
60,63,61,60,60,25.0,500.0
67,61,51,59,57,27.0,2000.0
66,59,53,57,61,41.0,700.0
61,64,57,62,64,24.0,500.0
63,59,61,59,61,28.0,700.0
63,62,58,60,63,28.0,950.0
60,58,62,61,60,22.0,500.0
63,60,59,57,64,35.0,1000.0
62,58,61,63,63,34.0,900.0
62,60,59,61,63,28.0,600.0
66,58,54,63,60,30.0,500.0
63,62,59,61,64,23.0,800.0
63,60,58,63,61,35.0,3000.0
62,61,58,59,61,25.0,500.0
60,60,58,60,63,28.0,750.0
64,62,66,62,63,24.0,500.0
58,60,55,59,64,23.0,900.0
60,65,57,55,61,34.0,500.0
60,57,56,61,60,40.0,1000.0
59,60,50,55,62,35.0,900.0
60,60,56,58,62,54.0,1000.0
61,59,55,59,60,55.0,500.0
60,61,60,60,58,33.0,1000.0
59,53,52,65,60,43.0,2000.0
58,62,62,59,61,38.0,1000.0
58,53,56,62,62,43.0,2000.0
62,60,62,58,60,22.0,5000.0
59,57,55,59,61,45.0,6000.0
61,57,55,58,63,48.0,4000.0
61,57,61,60,59,48.0,3000.0
61,60,58,58,60,51.0,500.0
62,58,56,59,61,31.0,1000.0
58,55,54,58,62,45.0,2000.0
62,59,61,60,60,34.0,650.0
60,60,54,62,60,38.0,2000.0
63,52,63,55,64,51.0,1000.0
57,57,56,60,63,43.0,2000.0
58,60,65,64,59,47.0,800.0
62,57,56,57,62,26.0,1000.0
63,57,58,59,62,39.0,2000.0
59,62,55,61,56,42.0,1000.0
62,59,57,57,60,35.0,650.0
60,59,58,59,63,57.0,2000.0
59,57,58,58,62,49.0,500.0
64,54,56,58,60,46.0,4000.0
61,52,62,58,67,50.0,1000.0
60,63,56,60,56,24.0,1000.0
62,57,59,54,64,19.0,1000.0
58,61,57,62,62,24.0,500.0
58,61,55,62,60,38.0,850.0
58,60,68,57,62,27.0,550.0
62,56,58,58,62,29.0,2000.0
61,58,60,59,62,31.0,1000.0
65,62,58,59,62,19.0,550.0
60,59,58,62,60,26.0,2000.0
65,59,62,60,59,33.0,1000.0
61,64,58,61,62,25.0,650.0
64,59,59,57,59,31.0,500.0
62,59,64,55,62,37.0,500.0
60,57,57,55,64,33.0,800.0
62,61,61,60,62,33.0,500.0
59,57,60,58,62,22.0,1000.0
64,55,59,56,62,21.0,2000.0
58,61,52,62,61,20.0,1000.0
60,60,52,59,62,36.0,500.0
57,61,59,60,62,46.0,800.0
60,61,56,57,60,23.0,1000.0
62,57,53,61,63,24.0,5000.0
60,60,54,63,61,23.0,700.0
63,57,57,54,62,44.0,3000.0
63,60,63,58,61,27.0,2000.0
58,59,55,58,63,33.0,500.0
62,61,59,58,62,29.0,3000.0
57,58,64,62,60,28.0,2000.0
60,59,55,58,62,41.0,500.0
59,58,62,59,60,52.0,500.0
60,59,54,57,58,38.0,500.0
61,59,57,60,58,24.0,500.0
62,60,60,62,65,16.0,500.0
61,59,53,58,61,23.0,600.0
62,57,57,59,61,51.0,500.0
64,65,50,48,66,26.0,500.0
62,57,54,62,60,24.0,500.0
65,56,61,50,67,50.0,500.0
64,61,60,61,63,33.0,950.0
66,59,56,60,63,23.0,550.0
63,58,59,56,65,34.0,1000.0
60,56,57,54,60,34.0,550.0
60,58,56,59,63,26.0,2000.0
59,60,62,56,64,42.0,1000.0
56,58,57,57,59,55.0,650.0
59,61,56,63,59,39.0,850.0
61,59,57,62,59,19.0,1000.0
62,61,62,63,64,27.0,800.0
60,58,59,60,61,23.0,500.0
66,59,63,58,65,33.0,500.0
63,60,60,60,65,50.0,4000.0
59,56,58,58,63,39.0,550.0
61,55,60,60,60,24.0,500.0
62,61,59,58,57,28.0,500.0
59,60,57,59,63,28.0,950.0
58,63,62,60,58,26.0,2000.0
60,62,59,58,60,20.0,2000.0
62,54,63,62,62,22.0,900.0
60,60,57,58,60,40.0,500.0
60,61,59,58,63,37.0,500.0
60,59,57,60,64,43.0,500.0
61,59,58,57,61,33.0,500.0
62,57,53,54,66,41.0,1000.0
59,64,55,56,55,21.0,500.0
60,54,56,58,63,27.0,1000.0
65,60,61,55,63,25.0,3000.0
64,59,58,53,67,34.0,1000.0
66,59,61,57,67,45.0,850.0
54,60,64,60,64,25.0,500.0
59,61,57,54,64,21.0,1000.0
60,59,54,58,64,16.0,800.0
62,59,55,59,66,26.0,550.0
56,58,62,60,54,29.0,1000.0
59,58,58,57,60,44.0,1000.0
56,61,53,58,64,15.0,800.0
61,59,56,56,60,52.0,2000.0
58,57,59,59,63,28.0,650.0
59,56,59,62,59,48.0,750.0
62,52,51,60,59,44.0,2000.0
61,56,54,58,60,41.0,1000.0
61,58,57,57,59,49.0,2000.0
64,52,54,56,63,44.0,1000.0
58,56,55,60,59,46.0,500.0
58,59,53,60,58,46.0,3000.0
57,56,60,55,57,48.0,2000.0
59,60,55,58,60,25.0,1000.0
57,59,60,57,58,34.0,1000.0
62,57,50,57,63,25.0,1000.0
60,57,55,57,59,28.0,1000.0
62,57,62,54,63,23.0,500.0
56,60,57,56,59,17.0,900.0
62,53,53,52,60,30.0,1000.0
62,56,57,57,61,31.0,550.0
59,57,64,58,59,28.0,850.0
62,60,57,58,63,29.0,2000.0
61,58,60,56,60,36.0,1000.0
60,57,60,56,63,50.0,2000.0
61,59,60,56,58,24.0,1000.0
61,57,61,59,63,33.0,500.0
57,58,57,60,59,30.0,500.0
60,60,60,57,60,25.0,500.0
62,60,58,55,62,29.0,2000.0
59,57,60,57,59,31.0,2000.0
56,64,64,57,61,20.0,1000.0
57,63,53,56,59,40.0,650.0
61,59,56,57,61,34.0,550.0
70,52,53,54,58,25.0,500.0
58,61,59,61,60,24.0,800.0
62,57,63,56,60,28.0,500.0
58,59,59,60,61,32.0,750.0
59,59,55,58,58,24.0,800.0
62,59,57,57,64,23.0,750.0
58,60,55,57,58,24.0,500.0
66,56,58,57,61,25.0,500.0
54,57,58,59,62,29.0,500.0
60,56,62,56,61,24.0,2000.0
58,57,58,55,60,22.0,900.0
60,58,54,59,62,25.0,650.0
60,58,56,55,60,23.0,2000.0
60,55,52,57,65,21.0,2000.0
61,59,61,56,59,20.0,900.0
61,61,55,50,60,25.0,500.0
61,61,59,59,62,20.0,500.0
60,58,61,60,62,25.0,2000.0
58,55,61,59,61,24.0,500.0
60,54,57,58,63,21.0,1000.0
62,55,60,53,62,47.0,1000.0
56,63,60,54,57,37.0,750.0
59,61,60,58,57,29.0,500.0
58,60,55,58,61,33.0,500.0
55,60,59,56,61,33.0,1000.0
63,61,52,59,64,28.0,2000.0
59,58,62,59,60,24.0,1000.0
60,61,60,58,60,18.0,1000.0
60,57,59,57,59,27.0,500.0
62,57,59,57,62,30.0,1000.0
61,58,56,61,60,40.0,500.0
60,61,58,54,63,25.0,750.0
59,61,57,55,58,20.0,900.0
62,58,64,53,61,25.0,1000.0
59,59,56,59,54,51.0,1000.0
60,66,58,54,56,37.0,650.0
60,57,57,56,59,42.0,750.0
56,53,46,63,58,26.0,500.0
61,54,55,57,62,41.0,500.0
59,58,56,57,59,40.0,500.0
57,55,56,56,56,41.0,1000.0
60,57,53,53,58,46.0,1000.0
60,51,59,55,60,43.0,600.0
58,57,58,54,59,45.0,1000.0
62,57,52,57,56,43.0,2000.0
60,63,60,50,58,37.0,500.0
59,56,56,56,59,46.0,500.0
56,56,57,58,58,40.0,1000.0
64,57,52,51,64,28.0,2000.0
56,59,54,53,58,30.0,850.0
62,56,63,60,62,26.0,850.0
58,63,56,54,54,17.0,500.0
61,56,61,55,58,36.0,1000.0
62,56,56,55,59,21.0,1000.0
60,54,56,57,59,27.0,1000.0
55,60,58,58,55,36.0,1000.0
61,55,54,56,58,36.0,1000.0
61,56,56,59,58,23.0,1000.0
61,57,58,55,61,22.0,500.0
62,61,59,56,56,28.0,2000.0
58,58,47,54,61,19.0,1000.0
60,54,55,59,59,39.0,3000.0
60,55,59,55,59,32.0,1000.0
60,58,56,57,58,20.0,850.0
59,58,56,50,59,19.0,2000.0
60,58,61,62,56,22.0,1000.0
62,54,49,56,61,18.0,500.0
61,54,55,56,62,31.0,600.0
57,56,62,57,62,29.0,2000.0
62,52,54,55,63,34.0,2000.0
57,56,55,61,60,20.0,1000.0
59,57,56,56,58,45.0,3000.0
59,60,56,55,61,24.0,950.0
59,58,54,59,58,25.0,3000.0
58,56,54,56,58,31.0,750.0
60,57,55,57,59,36.0,500.0
58,57,51,56,59,44.0,2000.0
59,57,55,54,58,40.0,550.0
65,56,54,58,57,34.0,550.0
63,58,52,48,62,24.0,550.0
62,58,56,52,56,33.0,500.0
55,55,61,57,60,28.0,500.0
59,57,56,54,56,35.0,500.0
60,58,50,53,55,27.0,500.0
58,57,56,54,60,40.0,2000.0
57,55,56,56,62,43.0,1000.0
59,55,61,57,57,27.0,500.0
62,59,58,57,65,31.0,950.0
58,55,58,55,60,30.0,850.0
57,62,54,57,61,21.0,900.0
60,49,65,63,61,18.0,550.0
59,57,58,58,61,41.0,650.0
57,57,52,59,56,59.0,500.0
58,57,56,55,61,40.0,500.0
60,53,58,60,56,37.0,900.0
61,54,49,56,60,29.0,550.0
61,57,53,58,62,25.0,500.0
54,62,55,58,59,33.0,3000.0
58,58,57,55,60,33.0,500.0
61,58,54,57,58,20.0,2000.0
58,56,60,59,58,40.0,1000.0
65,56,53,49,61,23.0,650.0
59,55,57,53,60,22.0,1000.0
60,56,54,57,63,45.0,500.0
58,57,55,61,58,39.0,1000.0
60,62,60,58,59,23.0,1000.0
60,59,60,59,57,27.0,500.0
57,59,58,59,61,26.0,850.0
56,59,67,60,61,18.0,500.0
60,54,57,54,62,26.0,700.0
68,55,55,61,58,19.0,500.0
58,54,56,63,62,24.0,1000.0
62,59,58,59,58,23.0,500.0
57,52,58,53,64,47.0,500.0
59,57,61,56,63,31.0,1000.0
60,59,58,56,60,28.0,500.0
58,55,59,59,57,29.0,500.0
55,59,60,55,66,21.0,850.0
57,56,57,58,55,22.0,500.0
57,54,55,55,58,33.0,1000.0
55,56,57,55,57,32.0,500.0
56,52,59,53,62,52.0,500.0
58,56,55,56,57,45.0,2000.0
58,50,60,58,59,49.0,3000.0
57,53,55,54,59,40.0,500.0
58,55,56,58,59,48.0,2000.0
55,56,55,58,57,38.0,500.0
57,56,54,57,58,37.0,1000.0
59,52,58,53,59,33.0,850.0
54,61,54,66,50,22.0,900.0
58,55,55,58,55,31.0,4000.0
58,56,58,61,53,27.0,700.0
63,52,60,53,62,17.0,1000.0
59,60,54,52,57,27.0,850.0
60,56,54,56,60,22.0,4000.0
62,55,56,50,60,38.0,750.0
58,57,56,57,59,45.0,500.0
58,55,57,55,61,33.0,900.0
59,56,57,56,58,33.0,3000.0
60,57,57,59,60,33.0,1000.0
63,58,55,56,58,17.0,2000.0
60,53,54,56,58,37.0,550.0
57,62,60,53,59,22.0,500.0
54,60,59,53,56,22.0,850.0
58,56,51,49,63,33.0,800.0
56,56,56,54,63,31.0,500.0
57,57,58,56,56,45.0,600.0
57,55,57,55,58,33.0,500.0
61,52,54,54,56,39.0,500.0
58,54,56,53,60,31.0,700.0
60,60,56,50,61,38.0,1000.0
59,53,56,49,64,31.0,1000.0
58,55,57,58,55,18.0,850.0
58,58,51,54,59,25.0,850.0
58,60,59,56,59,31.0,1000.0
58,52,53,58,63,22.0,500.0
57,56,58,61,56,28.0,500.0
57,56,52,57,60,30.0,500.0
57,56,53,55,57,31.0,650.0
55,56,54,57,58,25.0,500.0
64,56,58,59,58,26.0,700.0
55,57,50,57,59,52.0,600.0
59,56,61,57,62,20.0,1000.0
57,59,55,58,57,58.0,2000.0
57,58,60,58,61,19.0,3000.0
62,56,54,57,62,30.0,500.0
59,61,50,50,60,31.0,900.0
60,50,52,56,64,34.0,1000.0
55,57,58,56,59,44.0,800.0
62,58,61,60,58,42.0,550.0
56,58,59,51,56,32.0,600.0
60,53,59,51,59,23.0,500.0
61,55,55,57,60,28.0,500.0
55,60,57,54,55,37.0,1000.0
62,53,48,54,55,32.0,1000.0
59,55,56,54,59,29.0,750.0
57,54,60,59,63,28.0,4000.0
55,55,55,54,60,38.0,1000.0
58,60,55,56,58,15.0,500.0
59,53,55,58,60,22.0,1000.0
61,57,58,53,59,28.0,500.0
55,59,58,56,55,28.0,500.0
56,54,57,55,60,18.0,500.0
59,53,55,54,64,25.0,800.0
61,50,54,56,60,23.0,900.0
58,55,58,55,61,27.0,500.0
58,55,57,55,58,35.0,500.0
55,52,53,54,55,32.0,600.0
56,55,56,55,54,35.0,500.0
57,54,58,55,54,51.0,750.0
55,56,57,55,58,36.0,1000.0
56,55,55,55,56,43.0,1000.0
55,56,55,56,57,40.0,500.0
58,55,52,53,55,42.0,5000.0
57,61,50,56,53,42.0,2000.0
55,58,52,55,56,44.0,2000.0
57,55,56,55,56,28.0,650.0
60,60,52,53,57,30.0,1000.0
56,57,55,54,56,24.0,500.0
53,49,62,58,60,21.0,850.0
56,51,60,54,58,36.0,1000.0
61,57,52,51,56,32.0,3000.0
57,55,59,57,57,21.0,1000.0
56,56,53,56,59,18.0,850.0
56,60,57,55,55,47.0,850.0
56,54,50,52,57,24.0,3000.0
61,57,53,54,55,24.0,700.0
54,56,59,57,57,23.0,1000.0
56,58,59,58,57,24.0,500.0
53,52,50,55,70,21.0,1000.0
56,58,58,53,55,22.0,500.0
59,52,55,51,56,20.0,1000.0
58,57,55,55,55,29.0,850.0
57,53,52,54,55,39.0,1000.0
58,53,58,53,59,26.0,700.0
56,58,57,57,53,27.0,500.0
55,51,54,54,63,42.0,500.0
56,58,53,52,58,25.0,700.0
59,52,59,51,57,46.0,850.0
60,55,54,53,61,27.0,2000.0
60,55,60,52,55,42.0,3000.0
59,54,56,51,56,24.0,500.0
57,55,52,53,60,42.0,500.0
60,54,58,53,54,42.0,500.0
55,58,55,59,53,25.0,1000.0
52,60,53,58,57,29.0,500.0
60,53,55,54,52,53.0,650.0
53,55,53,57,56,26.0,500.0
57,57,55,59,57,22.0,500.0
53,55,61,55,58,37.0,500.0
59,57,56,47,59,22.0,500.0
55,58,53,56,55,20.0,500.0
60,52,54,49,62,31.0,1000.0
61,56,45,53,58,22.0,500.0
60,58,61,46,57,29.0,600.0
62,54,50,53,59,23.0,500.0
56,52,58,52,58,27.0,500.0
56,51,60,54,58,21.0,1000.0
60,57,53,53,58,30.0,500.0
60,57,51,52,55,28.0,500.0
60,55,57,47,62,48.0,1000.0
58,55,55,52,61,19.0,500.0
58,51,60,53,60,38.0,500.0
59,55,60,54,60,22.0,850.0
57,53,54,55,60,24.0,850.0
51,54,55,52,62,26.0,500.0
59,54,52,49,61,27.0,500.0
58,55,57,55,59,37.0,550.0
57,60,57,54,56,20.0,500.0
61,55,56,55,58,22.0,600.0
54,52,58,59,63,25.0,500.0
59,59,55,51,50,65.0,850.0
57,57,59,59,49,17.0,1000.0
57,55,54,51,57,23.0,850.0
56,53,54,54,58,21.0,500.0
55,54,55,52,57,51.0,500.0
56,52,52,53,55,45.0,2000.0
56,53,58,57,52,44.0,2000.0
62,51,55,54,54,48.0,1000.0
56,54,53,54,58,36.0,3000.0
57,56,55,55,56,35.0,1000.0
60,55,53,49,52,26.0,700.0
51,55,48,56,56,21.0,3000.0
59,58,54,46,56,26.0,1000.0
56,52,55,55,57,40.0,850.0
58,57,50,45,60,29.0,550.0
59,53,53,51,60,23.0,700.0
55,54,58,53,56,32.0,2000.0
59,57,51,51,58,34.0,500.0
56,56,57,56,57,24.0,1000.0
56,57,53,56,54,27.0,600.0
56,57,56,52,56,34.0,500.0
55,56,50,55,61,22.0,2000.0
54,51,47,50,63,23.0,500.0
56,58,55,53,60,23.0,2000.0
58,57,59,43,56,25.0,850.0
58,55,61,51,59,58.0,800.0
59,53,60,47,58,19.0,1000.0
58,56,55,52,57,40.0,650.0
55,51,55,52,57,27.0,500.0
61,53,56,49,57,20.0,700.0
53,55,54,53,57,31.0,500.0
55,56,57,58,54,20.0,550.0
56,54,49,54,55,42.0,2000.0
57,56,48,55,52,28.0,500.0
57,59,59,48,57,22.0,1000.0
57,58,55,56,55,28.0,550.0
60,54,49,44,61,23.0,500.0
59,55,57,53,54,28.0,750.0
55,53,57,55,55,26.0,500.0
57,56,52,50,54,27.0,900.0
55,54,51,53,55,21.0,500.0
59,55,46,49,59,17.0,2000.0
56,56,55,54,54,24.0,1000.0
54,56,58,54,56,28.0,750.0
53,55,53,56,59,30.0,500.0
58,49,57,55,56,25.0,500.0
55,54,55,52,54,30.0,1000.0
57,54,57,51,60,24.0,2000.0
59,51,51,58,50,23.0,1000.0
54,58,57,44,60,33.0,500.0
58,58,45,52,53,20.0,500.0
55,60,51,52,53,26.0,500.0
51,53,57,52,59,28.0,500.0
51,55,53,55,56,26.0,500.0
54,53,52,52,58,23.0,500.0
55,57,54,52,53,22.0,500.0
54,55,59,52,55,27.0,500.0
57,51,54,50,58,32.0,500.0
54,58,56,53,52,28.0,500.0
60,53,50,48,52,22.0,500.0
51,59,53,54,59,25.0,900.0
56,55,54,53,59,32.0,500.0
56,52,56,56,59,42.0,1000.0
54,58,59,54,55,32.0,500.0
50,52,68,63,54,32.0,500.0
59,54,56,53,56,29.0,500.0
54,58,56,58,51,29.0,500.0
55,49,54,52,56,30.0,2000.0
52,56,51,48,57,34.0,2000.0
57,57,54,55,54,21.0,500.0
54,56,51,48,57,21.0,500.0
54,55,47,51,53,27.0,3000.0
51,53,50,52,56,28.0,2000.0
54,52,51,52,55,29.0,2000.0
55,51,53,55,54,28.0,800.0
54,52,57,53,56,36.0,500.0
55,56,57,56,55,32.0,2000.0
59,55,45,47,58,22.0,750.0
53,54,51,53,54,30.0,500.0
56,53,49,53,54,36.0,3000.0
50,57,56,52,57,26.0,950.0
51,54,56,52,56,19.0,800.0
56,53,56,49,58,19.0,1000.0
57,54,51,51,57,26.0,500.0
55,57,51,51,57,30.0,500.0
59,52,48,51,52,25.0,850.0
56,54,53,55,54,25.0,500.0
54,53,52,52,53,29.0,500.0
55,48,52,51,57,34.0,500.0
57,54,55,52,58,22.0,500.0
56,53,52,55,56,34.0,500.0
58,50,51,47,59,39.0,500.0
57,55,53,52,56,20.0,500.0
56,48,60,50,57,17.0,800.0
52,54,57,54,56,25.0,1000.0
57,51,53,49,59,26.0,800.0
56,52,51,54,59,25.0,500.0
57,50,52,44,61,34.0,500.0
56,55,54,50,56,21.0,600.0
55,52,49,57,56,22.0,700.0
54,55,54,51,59,18.0,500.0
52,49,54,50,59,25.0,650.0
59,53,56,46,58,26.0,500.0
57,59,58,49,59,29.0,2000.0
54,52,51,53,58,29.0,500.0
56,54,53,53,52,23.0,500.0
53,52,52,54,55,25.0,500.0
58,54,52,49,56,25.0,500.0
56,52,53,53,55,28.0,550.0
58,49,48,57,54,34.0,500.0
57,55,56,50,56,23.0,1000.0
63,48,46,43,61,47.0,1000.0
56,54,53,48,56,22.0,1000.0
54,53,55,54,57,26.0,500.0
57,55,54,48,55,42.0,500.0
55,52,54,54,55,33.0,500.0
55,54,55,52,53,17.0,500.0
56,55,49,51,54,27.0,500.0
54,51,55,52,57,26.0,500.0
56,55,51,49,58,17.0,800.0
53,55,58,49,56,30.0,500.0
54,56,53,50,56,19.0,1000.0
55,54,50,51,51,36.0,500.0
56,52,49,49,54,36.0,2000.0
47,56,63,50,52,44.0,4000.0
57,54,52,45,59,28.0,1000.0
55,51,49,50,58,29.0,2000.0
52,51,51,52,53,22.0,900.0
48,55,58,50,57,31.0,2000.0
53,56,49,47,62,20.0,1000.0
53,52,51,51,52,19.0,500.0
52,51,54,55,57,29.0,500.0
53,55,54,53,58,19.0,600.0
56,50,56,51,54,26.0,2000.0
50,53,47,54,52,41.0,500.0
54,55,54,52,54,29.0,500.0
55,54,50,53,53,30.0,500.0
53,54,47,50,53,35.0,500.0
52,54,47,50,57,32.0,1000.0
56,49,58,49,57,61.0,500.0
57,55,54,52,56,23.0,500.0
54,56,50,52,53,38.0,850.0
58,49,48,49,55,28.0,1000.0
54,49,56,54,52,26.0,1000.0
57,51,53,54,53,27.0,800.0
55,53,53,52,52,33.0,500.0
54,55,52,50,54,27.0,500.0
58,53,55,51,48,19.0,500.0
57,49,60,50,57,25.0,700.0
56,54,44,59,46,29.0,500.0
56,52,53,52,56,21.0,550.0
52,53,55,52,55,32.0,500.0
54,52,54,51,56,24.0,500.0
51,55,58,52,51,24.0,850.0
52,57,55,52,55,27.0,500.0
50,56,56,51,58,23.0,1000.0
57,53,57,51,56,21.0,500.0
54,53,54,53,51,19.0,800.0
52,50,53,51,56,19.0,500.0
60,50,48,51,55,33.0,1000.0
59,51,48,44,54,28.0,2000.0
53,53,47,50,52,28.0,1000.0
57,49,42,40,59,33.0,2000.0
54,46,56,55,47,21.0,900.0
49,57,56,48,54,24.0,2000.0
53,54,49,47,53,31.0,4000.0
48,52,53,58,46,18.0,600.0
55,56,56,41,57,27.0,3000.0
53,53,51,53,54,28.0,500.0
52,51,53,51,51,41.0,500.0
50,52,59,45,57,16.0,3000.0
51,50,50,51,53,30.0,900.0
50,51,52,52,54,37.0,500.0
55,54,52,49,53,31.0,500.0
53,58,48,53,52,20.0,500.0
51,59,49,50,51,24.0,3000.0
50,52,53,49,52,24.0,600.0
53,56,52,51,52,30.0,600.0
53,55,47,51,54,27.0,500.0
58,55,57,54,46,31.0,2000.0
58,48,46,38,61,40.0,500.0
53,53,54,52,52,19.0,550.0
56,54,53,44,55,35.0,650.0
57,53,54,51,53,23.0,500.0
57,52,57,50,51,37.0,500.0
53,51,49,50,55,43.0,500.0
47,50,50,54,58,18.0,500.0
56,50,51,52,50,37.0,500.0
51,54,59,54,46,20.0,800.0
55,52,52,50,56,27.0,700.0
53,45,47,52,57,17.0,650.0
56,48,49,49,55,28.0,500.0
49,52,51,52,55,41.0,500.0
55,56,56,49,50,26.0,500.0
62,48,52,46,50,27.0,500.0
58,49,58,43,58,30.0,500.0
55,56,52,48,49,29.0,1000.0
49,53,52,53,54,30.0,750.0
54,52,53,50,51,23.0,600.0
52,54,55,54,52,31.0,500.0
51,52,54,52,52,26.0,2000.0
51,51,59,56,52,18.0,500.0
51,55,54,49,52,22.0,850.0
54,53,50,51,52,22.0,500.0
58,57,47,42,54,27.0,2000.0
51,54,46,49,52,19.0,500.0
60,50,51,48,50,24.0,500.0
53,52,56,54,53,18.0,1000.0
53,51,50,52,54,36.0,2000.0
56,51,52,51,52,21.0,500.0
50,51,53,51,56,40.0,900.0
53,50,46,48,53,36.0,500.0
52,50,49,49,53,41.0,900.0
53,52,49,47,54,24.0,3000.0
51,52,48,51,51,22.0,500.0
53,54,49,48,50,18.0,1000.0
49,50,51,48,55,27.0,500.0
51,50,48,48,52,23.0,850.0
53,51,49,47,52,23.0,500.0
50,45,49,53,53,23.0,1000.0
50,53,60,48,55,24.0,700.0
54,50,54,53,46,17.0,500.0
56,50,49,44,54,15.0,1000.0
55,53,47,47,52,34.0,2000.0
58,50,52,49,49,29.0,500.0
50,52,50,50,51,25.0,500.0
55,52,46,52,46,24.0,1000.0
51,50,49,49,53,57.0,500.0
50,52,51,51,52,28.0,800.0
56,46,53,45,57,20.0,500.0
48,49,47,52,59,23.0,1000.0
51,55,58,48,49,27.0,500.0
51,50,52,50,53,19.0,500.0
53,51,52,53,51,19.0,500.0
54,52,52,43,52,23.0,500.0
55,51,55,46,53,15.0,500.0
57,53,55,43,54,26.0,500.0
56,48,45,44,52,22.0,850.0
42,53,53,44,55,22.0,500.0
49,53,50,48,50,24.0,500.0
53,49,55,44,53,27.0,950.0
46,50,51,50,52,22.0,500.0
48,45,50,50,52,26.0,500.0
50,57,45,50,49,24.0,600.0
48,53,51,46,55,33.0,1000.0
50,49,49,50,53,25.0,500.0
51,50,51,50,47,35.0,500.0
53,47,54,44,57,26.0,500.0
52,53,51,46,55,28.0,500.0
54,52,53,47,51,32.0,500.0
47,48,55,53,50,25.0,900.0
48,57,45,52,47,23.0,700.0
51,53,49,45,55,23.0,1000.0
57,49,48,41,51,33.0,500.0
54,45,49,50,53,19.0,500.0
50,50,52,52,53,25.0,500.0
49,51,44,45,50,22.0,850.0
49,53,52,43,50,33.0,1000.0
48,48,46,49,49,22.0,1000.0
51,48,54,44,48,23.0,500.0
50,45,48,49,45,23.0,500.0
45,49,47,50,52,20.0,500.0
47,48,52,49,52,20.0,500.0
50,48,45,49,47,24.0,500.0
49,52,56,47,52,32.0,500.0
52,49,51,45,50,28.0,800.0
51,48,48,44,54,33.0,1000.0
50,46,47,45,50,29.0,500.0
49,47,45,44,46,54.0,1000.0
51,45,59,42,53,20.0,500.0
49,47,47,43,51,31.0,500.0
49,46,48,48,47,18.0,500.0
49,50,46,45,47,22.0,500.0
46,49,51,48,51,24.0,800.0
52,49,49,43,48,33.0,1000.0
48,45,45,46,47,26.0,500.0
49,41,39,45,49,19.0,500.0
49,46,43,47,52,21.0,500.0
